{"n_estimators": 700, "learning_rate": 0.1, "num_leaves": 66, "max_depth": 9, "min_child_samples": 7, "reg_alpha": 0.00396380053510502, "gamma": 2, "reg_lambda": 4.988985199122626, "min_split_gain": 1, "subsample": 0.8322272180184171, "subsample_freq": 1, "colsample_bytree": 0.9819977791185542, "objective": "binary", "random_state": 10, "lambda_l1": 0.1548541020687405, "lambda_l2": 0.010904396852936449, "feature_fraction": 0.7953374143500712}